<?xml version="1.0" encoding="UTF-8"?><?xml-stylesheet type='text/xsl' href='_UpgradeReport_Files/UpgradeReport.xslt'?><UpgradeLog>
<Properties><Property Name="Solution" Value="MoneyCostWeb">
</Property><Property Name="Solution File" Value="D:\GE GDC Working Folder\sumit2.sharma\StarTeam\MoneyCost\MoneyCostSite\SourceCode_Version2\User Interface\wwwroot\MoneyCostWeb.sln">
</Property><Property Name="Date" Value="Monday, March 19, 2012">
</Property><Property Name="Time" Value="11:39 AM">
</Property><Property Name="Log Number" Value="2">
</Property></Properties><Event ErrorLevel="2" Project="" Source="MoneyCostWeb.sln" Description="Solution file 'D:\GE GDC Working Folder\sumit2.sharma\StarTeam\MoneyCost\MoneyCostSite\SourceCode_Version2\User Interface\wwwroot\MoneyCostWeb.sln' cannot be converted because it cannot be modified. To convert the solution, change the permissions on the solution file to allow modification and re-open it.">
</Event><Event ErrorLevel="3" Project="" Source="MoneyCostWeb.sln" Description="Not Converted">
</Event></UpgradeLog>